hour,cycles,mirror_armed
2026-07-28 18:00,2,0
2026-07-29 10:00,1,0
2026-07-29 14:00,1,0
2026-07-29 16:00,3,0
2026-07-29 17:00,4,0
2026-07-31 11:00,7,0
2026-07-31 13:00,13,0
2026-07-31 14:00,32,0
2026-07-31 15:00,32,0
2026-07-31 16:00,34,0
2026-07-31 17:00,31,0
2026-07-31 18:00,17,0
2026-07-31 19:00,34,0
2026-07-31 20:00,30,0
2026-07-31 21:00,30,0
2026-08-01 06:00,21,0
2026-08-01 07:00,25,0
2026-08-01 08:00,17,0
2026-08-01 09:00,14,0
2026-08-01 10:00,26,0
2026-08-01 11:00,27,0
2026-08-01 12:00,34,0
2026-08-01 13:00,10,0
2026-08-01 17:00,5,0
2026-08-01 18:00,1,0
2026-08-01 19:00,10,0
2026-08-01 20:00,8,0
2026-08-01 21:00,10,0
2026-08-01 22:00,8,0
2026-08-01 23:00,9,0
2026-08-02 00:00,7,0
2026-08-02 01:00,6,0
2026-08-02 02:00,7,0
2026-08-02 03:00,18,0
2026-08-02 04:00,16,0
2026-08-02 05:00,1,0
2026-08-03 06:00,13,0
2026-08-03 07:00,13,0
2026-08-03 08:00,13,0
2026-08-03 09:00,6,0
2026-08-03 10:00,6,0
2026-08-03 11:00,7,0
2026-08-03 12:00,4,0
2026-08-03 13:00,18,0
2026-08-03 14:00,10,0
2026-08-03 15:00,16,0
2026-08-03 16:00,11,0
2026-08-03 17:00,18,0
2026-08-03 18:00,7,0
2026-08-03 19:00,6,0
2026-08-03 20:00,15,0
2026-08-03 21:00,14,0
2026-08-03 23:00,16,0
2026-08-04 00:00,17,0
2026-08-04 01:00,16,0
2026-08-04 02:00,13,0
2026-08-04 03:00,18,0
2026-08-04 04:00,14,0
2026-08-04 06:00,14,0
2026-08-04 07:00,12,0
2026-08-04 08:00,17,0
2026-08-04 09:00,10,0
2026-08-04 10:00,10,0
2026-08-04 11:00,17,0
2026-08-04 12:00,17,0
2026-08-04 13:00,15,0
2026-08-04 14:00,5,0
2026-08-04 18:00,2,0
2026-08-04 22:00,4,0
2026-08-04 23:00,6,0
2026-08-05 00:00,7,0
2026-08-05 01:00,8,0
2026-08-05 02:00,4,0
2026-08-05 03:00,6,0
2026-08-05 06:00,1,0
2026-08-05 07:00,2,0
2026-08-05 08:00,4,0
2026-08-05 09:00,2,0
2026-08-05 10:00,5,0
2026-08-05 11:00,6,0
2026-08-05 13:00,4,0
2026-08-05 14:00,4,0
2026-08-05 15:00,6,1
2026-08-05 16:00,2,1
2026-08-05 17:00,3,1
2026-08-05 18:00,1,1
2026-08-05 19:00,3,1
2026-08-05 20:00,2,1
2026-08-05 21:00,2,1
2026-08-05 22:00,0,1
2026-08-05 23:00,0,1
2026-08-06 00:00,3,1
2026-08-06 01:00,2,1
2026-08-06 02:00,1,1
2026-08-06 03:00,4,1
2026-08-06 04:00,3,1
2026-08-06 05:00,1,1
2026-08-06 06:00,1,1
2026-08-06 07:00,4,1
2026-08-06 08:00,3,1
2026-08-06 09:00,2,1
2026-08-06 10:00,1,0
2026-08-06 13:00,4,0
2026-08-06 14:00,4,0
2026-08-06 15:00,7,0
2026-08-06 16:00,6,0
2026-08-06 17:00,8,0
2026-08-06 18:00,6,0
2026-08-06 19:00,15,0
2026-08-06 20:00,10,0
2026-08-06 21:00,11,0
2026-08-06 22:00,6,0
2026-08-06 23:00,16,0
2026-08-07 00:00,11,0
2026-08-07 01:00,10,0
2026-08-07 02:00,7,0
2026-08-07 03:00,15,0
2026-08-07 08:00,8,0
2026-08-07 09:00,2,0
2026-08-07 10:00,5,0
2026-08-07 11:00,3,0
2026-08-07 12:00,5,0
2026-08-07 13:00,6,0
2026-08-07 14:00,9,0
2026-08-07 15:00,5,0
2026-08-07 16:00,8,0
2026-08-07 17:00,3,0
2026-08-07 18:00,1,0
2026-08-07 19:00,6,0
2026-08-07 20:00,3,0
2026-08-07 21:00,2,0
2026-08-07 22:00,1,0
2026-08-07 23:00,2,0
2026-08-08 00:00,1,0
2026-08-08 01:00,2,0
2026-08-08 02:00,1,0
2026-08-08 03:00,2,0
2026-08-08 04:00,1,0
2026-08-08 05:00,1,0
2026-08-08 06:00,1,0
2026-08-08 07:00,2,0
2026-08-08 08:00,1,0
2026-08-08 09:00,3,0
2026-08-08 10:00,2,0
2026-08-08 11:00,1,0
2026-08-08 12:00,2,0
2026-08-08 13:00,1,0
2026-08-08 14:00,1,0
2026-08-08 15:00,1,0
2026-08-08 16:00,1,0
2026-08-08 17:00,1,0
2026-08-08 18:00,1,0
2026-08-08 19:00,3,0
2026-08-08 20:00,3,0
2026-08-08 21:00,1,0
2026-08-08 22:00,1,0
2026-08-08 23:00,1,0
2026-08-09 00:00,2,0
2026-08-09 01:00,2,0
2026-08-09 02:00,1,0
2026-08-10 07:00,11,0
2026-08-10 08:00,8,0
2026-08-10 09:00,5,0
2026-08-10 10:00,12,0
2026-08-10 11:00,10,0
2026-08-10 12:00,10,0
2026-08-10 13:00,11,0
2026-08-10 22:00,10,0
2026-08-10 23:00,13,0
2026-08-11 00:00,14,0
2026-08-11 01:00,6,0
2026-08-11 09:00,5,0
2026-08-11 10:00,8,0
2026-08-11 11:00,12,0
2026-08-11 12:00,10,0
2026-08-11 13:00,11,1
2026-08-11 14:00,4,1
2026-08-11 15:00,16,1
2026-08-11 16:00,17,1
2026-08-11 17:00,17,1
2026-08-11 18:00,8,1
2026-08-11 19:00,13,0
2026-08-11 20:00,18,0
2026-08-11 21:00,16,0
2026-08-11 22:00,7,0
2026-08-11 23:00,20,0
2026-08-12 00:00,15,0
2026-08-12 01:00,27,0
2026-08-12 02:00,39,0
2026-08-12 03:00,4,0
